{
    "now": "2025-04-24T08:46:13.412Z",
    "perfNow": 2611877.599999994,
    "diagnosticCorrelation": "6486624e-52ff-4242-a543-57d6812bc082",
    "source": "DownloadSupportFiles",
    "environment": {
        "productName": "adf",
        "buildVersion": "1.0.041625.13",
        "environmentType": 3,
        "resourceName": "adf-nh-project",
        "resourceRegion": "eastus",
        "resourceGroup": "NHPROJECT",
        "subscriptionId": "3c97065e-007a-420a-9699-a1d4b91d017a",
        "sessionId": "P3XWntJT3//SE0XhWG4V93",
        "operationId": "",
        "gitType": "live",
        "loggingKey": "e5654b17-cb0c-464b-b2c0-e9bff90c97c4"
    },
    "additionalInfo": {
        "selectedResource": "GitToRawData",
        "selectedResourceType": "pipeline"
    }
}