{
    "now": "2025-04-24T08:46:36.473Z",
    "perfNow": 2634937.799999997,
    "diagnosticCorrelation": "0441b502-14d8-43f1-9f27-fb1036c493a9",
    "source": "DownloadSupportFiles",
    "environment": {
        "productName": "adf",
        "buildVersion": "1.0.041625.13",
        "environmentType": 3,
        "resourceName": "adf-nh-project",
        "resourceRegion": "eastus",
        "resourceGroup": "NHPROJECT",
        "subscriptionId": "3c97065e-007a-420a-9699-a1d4b91d017a",
        "sessionId": "P3XWntJT3//SE0XhWG4V93",
        "operationId": "",
        "gitType": "live",
        "loggingKey": "e5654b17-cb0c-464b-b2c0-e9bff90c97c4"
    },
    "additionalInfo": {
        "selectedResource": "ds_raw_bronze",
        "selectedResourceType": "dataset"
    }
}