{
    "name": "ds_sink_dynamic",
    "properties": {
        "linkedServiceName": {
            "referenceName": "storagedatalake",
            "type": "LinkedServiceReference"
        },
        "parameters": {
            "p_sink_folder": {
                "type": "String"
            },
            "p_file_name": {
                "type": "String"
            }
        },
        "annotations": [],
        "type": "DelimitedText",
        "typeProperties": {
            "location": {
                "type": "AzureBlobFSLocation",
                "fileName": {
                    "value": "@dataset().p_file_name",
                    "type": "Expression"
                },
                "folderPath": {
                    "value": "@dataset().p_sink_folder",
                    "type": "Expression"
                },
                "fileSystem": "bronze"
            },
            "columnDelimiter": ",",
            "escapeChar": "\\",
            "firstRowAsHeader": true,
            "quoteChar": "\""
        },
        "schema": [
            {
                "name": "ProductKey",
                "type": "String"
            },
            {
                "name": "ProductSubcategoryKey",
                "type": "String"
            },
            {
                "name": "ProductSKU",
                "type": "String"
            },
            {
                "name": "ProductName",
                "type": "String"
            },
            {
                "name": "ModelName",
                "type": "String"
            },
            {
                "name": "ProductDescription",
                "type": "String"
            },
            {
                "name": "ProductColor",
                "type": "String"
            },
            {
                "name": "ProductSize",
                "type": "String"
            },
            {
                "name": "ProductStyle",
                "type": "String"
            },
            {
                "name": "ProductCost",
                "type": "String"
            },
            {
                "name": "ProductPrice",
                "type": "String"
            }
        ]
    },
    "type": "Microsoft.DataFactory/factories/datasets"
}