{
    "name": "ds_http",
    "properties": {
        "linkedServiceName": {
            "referenceName": "HttpLinkedService",
            "type": "LinkedServiceReference"
        },
        "annotations": [],
        "type": "DelimitedText",
        "typeProperties": {
            "location": {
                "type": "HttpServerLocation",
                "relativeUrl": "LilBoss69/Adventure-Works-Data-Engineering-Project/refs/heads/main/Data/AdventureWorks_Products.csv"
            },
            "columnDelimiter": ",",
            "escapeChar": "\\",
            "firstRowAsHeader": true,
            "quoteChar": "\""
        },
        "schema": []
    },
    "type": "Microsoft.DataFactory/factories/datasets"
}