{
    "name": "ds_raw_bronze",
    "properties": {
        "linkedServiceName": {
            "referenceName": "storagedatalake",
            "type": "LinkedServiceReference"
        },
        "annotations": [],
        "type": "DelimitedText",
        "typeProperties": {
            "location": {
                "type": "AzureBlobFSLocation",
                "fileName": "product.csv",
                "folderPath": "product",
                "fileSystem": "bronze"
            },
            "columnDelimiter": ",",
            "escapeChar": "\\",
            "firstRowAsHeader": true,
            "quoteChar": "\""
        },
        "schema": []
    },
    "type": "Microsoft.DataFactory/factories/datasets"
}