{
    "now": "2025-04-24T08:46:27.044Z",
    "perfNow": 2625508.8999999985,
    "diagnosticCorrelation": "d892c919-5c9b-4931-98c0-a9d41fcd8e07",
    "source": "DownloadSupportFiles",
    "environment": {
        "productName": "adf",
        "buildVersion": "1.0.041625.13",
        "environmentType": 3,
        "resourceName": "adf-nh-project",
        "resourceRegion": "eastus",
        "resourceGroup": "NHPROJECT",
        "subscriptionId": "3c97065e-007a-420a-9699-a1d4b91d017a",
        "sessionId": "P3XWntJT3//SE0XhWG4V93",
        "operationId": "",
        "gitType": "live",
        "loggingKey": "e5654b17-cb0c-464b-b2c0-e9bff90c97c4"
    },
    "additionalInfo": {
        "selectedResource": "ds_git_dynamic",
        "selectedResourceType": "dataset"
    }
}