{
    "now": "2025-04-24T08:46:39.210Z",
    "perfNow": 2637675.1999999955,
    "diagnosticCorrelation": "ec21254d-384d-42e6-acc4-7bd5104d6f0f",
    "source": "DownloadSupportFiles",
    "environment": {
        "productName": "adf",
        "buildVersion": "1.0.041625.13",
        "environmentType": 3,
        "resourceName": "adf-nh-project",
        "resourceRegion": "eastus",
        "resourceGroup": "NHPROJECT",
        "subscriptionId": "3c97065e-007a-420a-9699-a1d4b91d017a",
        "sessionId": "P3XWntJT3//SE0XhWG4V93",
        "operationId": "",
        "gitType": "live",
        "loggingKey": "e5654b17-cb0c-464b-b2c0-e9bff90c97c4"
    },
    "additionalInfo": {
        "selectedResource": "ds_sink_dynamic",
        "selectedResourceType": "dataset"
    }
}