{
    "now": "2025-04-24T08:46:29.546Z",
    "perfNow": 2628010.799999997,
    "diagnosticCorrelation": "ea6e4f27-6d8a-426a-971c-a44347fe5b67",
    "source": "DownloadSupportFiles",
    "environment": {
        "productName": "adf",
        "buildVersion": "1.0.041625.13",
        "environmentType": 3,
        "resourceName": "adf-nh-project",
        "resourceRegion": "eastus",
        "resourceGroup": "NHPROJECT",
        "subscriptionId": "3c97065e-007a-420a-9699-a1d4b91d017a",
        "sessionId": "P3XWntJT3//SE0XhWG4V93",
        "operationId": "",
        "gitType": "live",
        "loggingKey": "e5654b17-cb0c-464b-b2c0-e9bff90c97c4"
    },
    "additionalInfo": {
        "selectedResource": "ds_git_parameter",
        "selectedResourceType": "dataset"
    }
}