{
    "$schema": "https://schema.management.azure.com/schemas/2015-01-01/deploymentParameters.json#",
    "contentVersion": "1.0.0.0",
    "parameters": {
        "factoryName": {
            "value": "adf-nh-project"
        },
        "storagedatalake_accountKey": {
            "value": ""
        },
        "storagedatalake_properties_typeProperties_url": {
            "value": "https://nhstoragedatalake.dfs.core.windows.net/"
        },
        "HttpLinkedService_properties_typeProperties_url": {
            "value": "https://raw.githubusercontent.com"
        }
    }
}