{
    "now": "2025-04-24T08:46:33.677Z",
    "perfNow": 2632142.299999997,
    "diagnosticCorrelation": "b2d3458d-6a83-4199-a619-d5242450d886",
    "source": "DownloadSupportFiles",
    "environment": {
        "productName": "adf",
        "buildVersion": "1.0.041625.13",
        "environmentType": 3,
        "resourceName": "adf-nh-project",
        "resourceRegion": "eastus",
        "resourceGroup": "NHPROJECT",
        "subscriptionId": "3c97065e-007a-420a-9699-a1d4b91d017a",
        "sessionId": "P3XWntJT3//SE0XhWG4V93",
        "operationId": "",
        "gitType": "live",
        "loggingKey": "e5654b17-cb0c-464b-b2c0-e9bff90c97c4"
    },
    "additionalInfo": {
        "selectedResource": "ds_http",
        "selectedResourceType": "dataset"
    }
}